pid,av_total
20,833135.875
30,408355.6875
50,366204.71875
60,467828.75
170,377468.46875
180,387157.46875
220,598184.8125
230,352984.3125
240,328319.53125
250,612087.125
260,433989.46875
290,254432.109375
420,455206.15625
440,492513.3125
450,402350.59375
520,381525.125
580,450221.875
620,549867.125
640,311402.03125
660,545911.0625
680,522322.625
710,391790.3125
730,557639
770,428333.53125
780,345889.40625
820,443468.96875
830,499937.1875
840,299417.5
950,396519.3125
970,880466.75
990,341489.0625
1010,407750.0625
1020,936116.8125
1160,534605.25
1210,554604.875
1240,365312.125
1280,236904.265625
1320,387525.8125
1380,318887.03125
1390,412791.34375
1480,429348.34375
1520,238642.375
1530,297230.53125
1600,354975.34375
1620,364307.1875
1670,464872.5
1700,331115.5
1710,484679.78125
1750,366793.625
1760,402316.5
1850,245213.09375
1860,386826.59375
1900,467517.65625
1920,486041.84375
1960,703949.9375
1970,364059.4375
1990,378089.09375
2010,242287.640625
2050,526657.5625
2150,312530
2170,396882.3125
2250,569702.1875
2260,504755.84375
2320,441812.75
2350,441752.6875
2380,528064.1875
2390,673860.4375
2480,454541.96875
2500,450271.90625
2540,326714.0625
2650,310066.28125
2730,433960.0625
2750,433721.875
2780,449751.875
2860,387764.53125
2870,339909.84375
2880,475247.21875
2900,243833.5
2910,454830.90625
2940,536799.875
3000,270187.59375
3030,297353.90625
3040,596864.125
3050,381836.5625
3100,238078.171875
3140,456138.46875
3170,391650.4375
3180,504163.875
3240,909918.8125
3260,390418.15625
3290,622956.875
3310,328335.0625
3320,387964.71875
3330,360561.28125
3360,552630.75
3370,552844.1875
3500,633793.3125
3520,310690.0625
3530,409322
3550,355974.625
3660,325058.125
3750,445885.125
3760,336536.71875
3780,409896.53125
3820,363493.875
3860,318887.03125
3870,441518.78125
4070,666173.4375
4080,519941.46875
4090,390440.03125
4110,326971.375
4210,427292.59375
4220,505162.125
4230,438944.875
4250,288619.28125
4310,465163.65625
4350,329551.5625
4360,541552.5
4390,639072.4375
4440,565846.375
4460,454464.84375
4500,562010.6875
4540,576918.5625
4550,401121.78125
4600,279358.875
4620,359536.84375
4720,334867.65625
4750,465658.21875
4850,415436.1875
4890,554483.4375
4950,668055.5
5080,488737.875
5120,478261.28125
5130,317410.375
5160,461326.6875
5170,224796.25
5180,447566.71875
5200,422657.5
5210,422743.5625
5240,341867.40625
5300,448442.6875
5340,410367.84375
5450,762299.4375
5510,401513.3125
5520,492948.6875
5560,897698.625
5570,368097.375
5590,354296.0625
5650,813809.125
5680,370607.25
5690,647772.875
5710,510513.875
5720,477843.46875
5730,323939.4375
5760,324007.40625
5770,393310.25
5810,319091.9375
5820,466073.46875
5870,505599.96875
5880,392137.78125
5970,377044.8125
5990,996941.9375
6010,486216.75
6030,627045.875
6080,466278.34375
6100,457937.6875
6120,384902.6875
6180,426158.34375
6190,325777.53125
6200,449588.21875
6250,262088.75
6270,441619.15625
6280,596832.75
6300,312309.375
6330,392412.4375
6360,867525.8125
6370,276481.0625
6390,356751.75
6400,498524.21875
6430,341908.53125
6500,354748.875
6560,788689.6875
6600,573345.75
6610,594011.875
6670,907864.3125
6700,418166.28125
6730,472353.0625
6750,407951.46875
6770,382912.28125
6800,440326.65625
6830,327759.53125
6850,458932.875
6860,476053.34375
6880,454955.65625
6890,623948.9375
6930,610115.625
6950,278374.46875
7020,736166.6875
7050,344421.4375
7070,405727.09375
7100,410394.84375
7140,509250.09375
7210,383456.96875
7240,321171
7300,466571.375
7330,483310.5625
7370,312959
7510,602727.375
7550,312270.03125
7580,382360.09375
7610,328978.3125
7670,353129.75
7680,320497.96875
7740,557466.6875
7770,491772.6875
7780,311555.71875
7790,297224.59375
7800,324172
7820,286891.6875
7850,522052.5
7900,329519.40625
7940,406883.0625
7970,572974.1875
7990,350994.25
8000,355920.625
8010,369482.8125
8030,376650.625
8070,475350.40625
8080,371024.71875
8090,470559.96875
8110,378029.0625
8160,538494.25
8170,414758.375
8210,371426.5625
8340,474702.84375
8350,311941.59375
8400,532750.25
8410,879624.6875
8420,387092.5
8430,435179.28125
8460,451200.375
8480,529896.125
8500,474625.375
8520,345777.59375
8560,493986.125
8600,402516.8125
8620,345403.90625
8630,429197.09375
8640,372377.96875
8660,581830.4375
8690,359826
8730,304437.875
8750,403234.0625
8760,434749.8125
8790,342684.4375
8860,501100.1875
8920,351296.8125
9010,366839.9375
9030,587445.9375
9050,909150.625
9100,473511.40625
9180,732099.375
9250,592803.9375
9350,356846.71875
9390,456181.78125
9440,362127.78125
9470,453438.09375
9520,466089.875
9530,693863.125
9560,324321.40625
9580,566305.4375
9660,341962.09375
9670,331893.4375
9680,380984.6875
9730,718909.5
9810,822507.3125
9820,614203.0625
9830,450056.53125
9850,696195.5
9860,448785
9890,392959
9930,468653.90625
9980,274415.53125
9990,550649.5625
10030,697160.375
10040,398458
10060,538000.125
10140,472325.78125
10200,510855.53125
10220,623704.1875
10240,366528.9375
10280,265511.28125
10310,314913.25
10320,367646.40625
10330,331325.375
10430,349879.4375
10450,246006.921875
10510,355113.625
10570,654712.625
10610,465994.5625
10650,483417
10670,363200.71875
10680,498553.28125
10690,429001.875
10710,415986.0625
10720,479226.125
10770,430311.59375
10790,349117.9375
10810,451968.90625
10840,398593.09375
10850,353832.6875
10870,328499.59375
10900,448722.28125
10930,671497.3125
11030,360947.9375
11060,681475.5
11080,400762.15625
11120,380462.9375
11160,385214.28125
11170,303732.4375
11190,398879.15625
11230,854645.1875
11240,514675.96875
11280,572872.1875
11290,418363.625
11320,447702.34375
11340,449029.71875
11370,442458.125
11400,588749.75
11420,429503.78125
11430,726241
11450,672587
11470,327235.5
11480,534343.375
11490,421661.8125
11500,463159.75
11510,343004.25
11550,366047.90625
11600,433653.375
11640,327766.65625
11650,449987.9375
11690,348145.53125
11700,407754.3125
11770,432426.4375
11830,526623.0625
11850,397136.21875
11880,546565.8125
11890,375848.4375
11900,363713.25
11910,306985.78125
11930,406658.78125
11940,454510.34375
11950,321184.25
12010,493087.84375
12020,529215.375
12050,546213.0625
12070,734954.875
12090,841601.4375
12120,450307.28125
12140,251980.609375
12170,386588.5625
12190,454138.6875
12200,455035.09375
12340,469688.46875
12360,393984.3125
12380,441688.0625
12410,366974.5
12440,520659.90625
12450,468279.375
12480,684221.8125
12490,344457.15625
12560,388593.84375
12570,401453.46875
12610,466127.53125
12630,380675.5625
12640,582534.25
12690,671946.125
12720,376023.0625
12740,413438.5625
12760,563154.25
12780,323918.8125
12820,547855.4375
12850,642754
12870,879884.25
12900,327483.3125
12930,311229.84375
12950,546643.8125
12980,349618.15625
12990,679358.8125
13030,444647
13110,319194.375
13130,572151.75
13190,655556.8125
13200,526478.25
13230,305565.09375
13240,245805.90625
13350,617046.75
13450,413501.34375
13470,462412.5625
13480,417274.34375
13500,415943.71875
13530,365519.71875
13540,291550.71875
13590,373315.34375
13600,378133.90625
13620,482410.8125
13640,577370.75
13670,467527.4375
13710,398922.28125
13730,496574.78125
13750,347757.375
13760,519580.59375
13770,882748.1875
13780,341812.53125
13790,493550.625
13880,506287.90625
13920,419220.28125
13950,325218.5
13960,272377.40625
13980,390949.25
13990,443764.1875
14020,337286.125
14100,522074.8125
14140,404270
14150,799516.25
14240,636261.9375
14250,361876.5625
14310,462258.65625
14370,303332.3125
14380,373037.5
14390,575475.9375
14430,621347.5
14440,372138.28125
14450,626038.3125
14460,379088.0625
14480,570069.25
14530,484302.375
14540,303449.09375
14590,425679.90625
14600,343127.125
14610,398409.1875
14620,303561.40625
14630,400406.96875
14680,405298.375
14690,919185.625
14710,401662.4375
14780,478235.75
14810,292660.5625
14870,369282.28125
14940,269252.28125
14950,487859.84375
15010,447139.21875
15020,427323.96875
15130,407495.40625
15140,596455.5625
15170,519287.28125
15260,375349.6875
15300,518674.03125
15380,346872.90625
15460,336796.46875
15480,233036.4375
15490,509382.34375
15520,337569.8125
15550,403328
15560,594621.6875
15580,317126.25
15590,842157.25
15630,630753.75
15670,364398.65625
15680,403425.3125
15690,706282.5
15760,337003.25
15800,446545.15625
15820,403000.6875
15880,248432.875
15910,355836.625
16000,406568.125
16040,324579.28125
16050,479932.59375
16110,831235.75
16120,469185.34375
16130,321570.46875
16140,382025.53125
16160,829450
16170,317347.15625
16190,327234.21875
16270,458016.875
16310,452530.90625
16330,432427.28125
16360,360042.375
16410,429568.9375
16420,336318.375
16440,586700.0625
16460,395945.8125
16510,665102.875
16540,402961.0625
16600,422281.59375
16710,443029.8125
16730,752010.3125
16760,479553.34375
16770,387043.8125
16810,742421.25
16820,401166.75
16900,360334.59375
16910,495742.40625
16940,607482.75
17010,263368.1875
17030,453105.46875
17090,316099
17120,450480.21875
17170,618730.125
17180,362229.21875
17200,468958.1875
17230,379597.40625
17250,827003.4375
17290,631568.375
17330,431044
17450,265192.21875
17510,265223.5625
17520,820087.125
17540,265073.125
17610,289283.09375
17640,458190.28125
17690,334780.09375
17760,636231.25
17770,361675.21875
17820,409940.5
17840,273944.5625
17900,453530.75
17910,349370.875
17920,421646.8125
17960,392797.125
17980,435770.71875
18030,440358.15625
18140,619108
18150,462770.5625
18210,334807.8125
18230,400256.4375
18290,469685.75
18300,630097.25
18310,450559.15625
18370,450178.03125
18380,520199.25
18420,607312.3125
18460,391052.84375
18480,439723.6875
18490,413832.1875
18530,384803.15625
18540,395297.40625
18580,354086.625
18620,410426
18670,682539.75
18680,458096.25
18700,273709.9375
18720,314993.21875
18740,305588.78125
18750,457384.875
18770,563782.5625
18780,312351.6875
18800,411496.59375
18820,371222.21875
18840,432862.625
18870,514196.9375
18900,574591.1875
18960,318803.3125
18990,248887.90625
19000,271154.96875
19030,405073.71875
19040,393789.8125
19050,396379.15625
19090,545546
19130,669677.125
19200,341679
19210,328319.625
19290,462928.875
19300,371548.28125
19310,424922.84375
19350,474297.125
19390,535591.5625
19400,288182.75
19460,456474.40625
19470,762394.3125
19480,401530.96875
19490,502881.4375
19500,454187.5
19510,517973.875
19590,418237.78125
19610,489141.90625
19630,488277.9375
19640,291957.5
19700,326924.46875
19850,551467.1875
19860,308838.5
19900,479666.78125
19920,434282.65625
19950,403356.9375
19990,322874.625
20060,449581.21875
20090,307401.1875
20100,315884.90625
20110,324739.65625
20130,428257.9375
20240,397922.15625
20250,350161.5
20280,406938.53125
20290,628111.875
20300,308284.84375
20320,533384.5625
20330,446410.09375
20420,456385.5625
20470,424938.4375
20530,288678.65625
20540,557237.3125
20550,303377.875
20580,454341.90625
20620,507907.625
20640,429650.9375
20660,459881.5
20730,342165.59375
20750,308144.375
20770,406274.46875
20780,369298.90625
20830,332833.0625
20840,420739.9375
20940,315375.71875
20970,306629.5625
21080,756988.5625
21100,757027.4375
21110,433412.03125
21130,429645.09375
21150,742494.625
21240,555550.4375
21280,498971.75
21320,381859.53125
21350,226664.546875
21360,395774.625
21370,318225.125
21400,510786.125
21510,383747.03125
21560,393595.0625
21610,415955.71875
21650,385015.34375
21660,559104.5625
21720,561380.125
21730,409205.25
21740,319781.71875
21770,749742.1875
21780,423070.34375
21790,426307.40625
21810,440153.25
21830,364006.71875
21880,235303.328125
21920,411508.875
21960,445632.40625
21970,481356.0625
21990,263290.5
22020,557572.125
22050,418647.46875
22080,742496
22140,333537.125
22300,323246.3125
22350,303752.03125
22370,485524.125
22400,323959.125
22410,423718.75
22440,268422.40625
22470,491748.375
22490,420089.875
22500,941499.6875
22520,756416.8125
22580,358089.9375
22600,619819.8125
22630,594298.1875
22640,509938.65625
22670,417769.65625
22680,524726.6875
22690,732692.0625
22700,334546
22800,306417.6875
22810,480071.28125
22820,534786.25
22830,549127.75
22950,364179.71875
22960,648077.5
22980,524801.1875
23010,314157.71875
23020,443623.34375
23090,272963.65625
23200,501898.25
23240,471117.90625
23260,501611.34375
23300,469964.71875
23330,360428.75
23340,403251.15625
23400,405749.875
23420,386884.84375
23430,588462.875
23450,699029.5625
23510,425772.84375
23650,633185.875
23670,445184.25
23730,339624.8125
23790,326829.96875
23840,365033.625
23880,449641.78125
23910,394679
23990,316591.875
24000,513257.4375
24020,469296.28125
24040,458778.125
24050,302026.28125
24090,336675.09375
24100,566453.875
24110,336128.625
24180,610367.1875
24210,331483.375
24230,445750.75
24250,533522.0625
24270,414451.1875
24340,703592.1875
24360,376064.53125
24400,441980.96875
24420,347271.0625
24450,323484.25
24480,302227
24510,250716.265625
24580,572230.3125
24640,597109.9375
24660,363026.0625
24700,377564.84375
24780,382830.8125
24790,457563.03125
24800,373953.34375
24850,565991.1875
24870,274017.25
24880,705171.0625
24890,340539.1875
24910,474724.28125
24960,524986.875
24990,340177.0625
25010,426035.03125
25040,300637.875
25060,350850.125
25100,335803.53125
25110,296968.125
25140,395876.625
25180,931643.8125
25200,724392.6875
25210,417400.3125
25230,402678.1875
25260,516824.71875
25330,328018.4375
25370,692011.375
25380,533625.0625
25400,494402.125
25430,418113.34375
25440,677044.0625
25450,630968.625
25470,263735.84375
25500,316877.90625
25540,353686.78125
25570,371270.53125
25610,407245.28125
25680,323504.1875
25710,521289.59375
25720,509741.96875
25740,747342.5625
25750,347161.21875
25760,405208.875
25800,620844.75
25950,392653.59375
25960,468494.5
25970,288499
26000,409220.53125
26020,889430.875
26030,462071.71875
26080,288141.875
26120,305203.59375
26140,561432.8125
26160,381627.15625
26180,446925.4375
26200,589386.8125
26220,400628
26240,417888.5625
26280,620056
26350,547632.1875
26380,289539.875
26410,420058.78125
26460,564193.125
26490,494761.71875
26500,499997.4375
26520,317109.78125
26540,466881.875
26560,341387.8125
26570,458127.71875
26580,444361.125
26660,495572.46875
26680,503062.90625
26690,376268.4375
26700,301259.78125
26710,469915.84375
26820,359677.34375
26870,313535
26890,376278.15625
26980,535806.875
27010,356442.875
27030,475915.65625
27060,400030.625
27090,516035.96875
27120,326159.46875
27130,318898.125
27150,434997.4375
27220,905883.6875
27230,330763.875
27240,308491.75
27260,348867.75
27270,422207.6875
27280,370124.21875
27290,366853.5625
27300,222776.53125
27320,427837.75
27340,734069
27360,400500.75
27380,605724.5
27390,392384
27480,435187.59375
27500,557619.375
27520,484901.75
27600,324094.8125
27610,374866.84375
27630,296511.375
27660,539619.3125
27670,334069.71875
27690,309046.8125
27720,236929.421875
27750,293428.9375
27760,322967.5
27810,340739.0625
27820,557702
27930,412311.65625
27980,431668.25
28010,703688.5625
28020,458686.46875
28150,615909.8125
28160,537703.25
28180,538371.875
28220,498322.9375
28240,363895.8125
28260,445024.3125
28310,357605.5
28350,492980.6875
28360,323547.875
28410,367896.59375
28440,405338.21875
28480,459079.875
28500,487160.6875
28510,593832.375
28530,473311.9375
28550,477036.78125
28580,303470.3125
28650,359779.46875
28660,394705.1875
28730,530622.8125
28750,613375.3125
28770,444765.375
28800,296849.8125
28810,355212.71875
28830,327941.46875
28840,298630.25
28870,352042.1875
28910,891035.75
28950,645132.5
28960,307507.375
28970,571245.0625
28990,477753.5
29040,378094.875
29060,402820.125
29080,293415.65625
29090,412270.9375
29100,420798.25
29130,390142.875
29170,273482.96875
29240,348717.625
29270,421749
29290,522193.53125
29340,324975.34375
29400,371715.375
29470,620436.375
29520,391178.3125
29540,413725.625
29570,384505.09375
29590,506050.96875
29630,533008.5
29670,392525.1875
29700,393534.5
29770,336941.59375
29790,591947.0625
29840,274150.28125
29850,502691.9375
29860,327191.875
29880,589145.0625
29910,355924.0625
29920,683106.125
30010,323957.0625
30070,586161
30090,775438.4375
30170,1000342.4375
30200,579766.625
30220,402763.0625
30230,360774.46875
30270,308439.03125
30280,486455.78125
30290,335070.6875
30350,361859.625
30360,452681.65625
30370,368981.6875
30390,363966.46875
30420,350401.6875
30440,462572.34375
30480,904362.875
30500,508008.1875
30660,452769.21875
30710,442799.5625
30890,914833
30940,434330.21875
30980,437659.71875
30990,437803.6875
31030,461340.28125
31050,894963.4375
31070,509417.0625
31100,532073.6875
31140,285804.84375
31150,343135.46875
31160,482037.25
31210,663777.875
31250,525866.8125
31290,296759.96875
31310,400838.65625
31330,293579.15625
31340,575263.125
31350,382282.25
31410,420198.875
31420,355836
31430,344566.5
31440,480091.125
31450,289589.96875
31540,312684.6875
31570,508479.1875
31580,495669.96875
31600,336923.65625
31620,396883.125
31630,574123.5
31640,725668.8125
31670,572377.3125
31680,958931.3125
31690,326484.71875
31700,339640.34375
31790,567112.125
31800,390429.71875
31820,602482.8125
31840,448957.5625
31880,324693.5625
31910,419463.9375
31930,343905.59375
31940,433591.40625
31950,402145.3125
31970,616722.375
31990,469113.5625
32100,627356.625
32110,410497.09375
32150,293954.34375
32200,466164.5
32210,746543.4375
32240,350848.15625
32300,529670.6875
32310,393373.1875
32350,421260.28125
32370,457104
32400,705619.6875
32430,302784.875
32570,387874.0625
32580,314515.53125
32600,346122.65625
32650,325477.34375
32690,461330.3125
32740,495307.90625
32770,364320.53125
32820,454921.15625
32830,562969.8125
32840,433407.03125
32870,373386
32890,505984.9375
32910,382627.1875
33010,386380.59375
33020,371598.46875
33080,364737.21875
33090,628449.875
33110,419257.75
33120,518046.28125
33130,335188.6875
33150,377735.5
33170,414186.875
33220,627653.1875
33240,505957.1875
33250,240879.15625
33290,434230.125
33300,341928.875
33320,374072.4375
33420,358071.875
33430,602049.8125
33440,652831.1875
33470,499798.59375
33540,402152.5
33580,402029.5625
33590,359980.8125
33620,413902.6875
33680,517450.5
33690,543456.4375
33710,554854.75
33740,368801.3125
33750,308644.3125
33780,592778.75
33850,494833.90625
33860,428797.84375
33870,405577.65625
33880,265566.3125
33920,300378.46875
34020,434392
34030,363572.59375
34060,371808.71875
34070,589920.0625
34080,384382.5
34150,279899.5625
34160,463663.875
34180,363349.84375
34230,381498.9375
34260,442186
34280,589052.6875
34290,501857.40625
34300,488979.21875
34330,874048.5
34340,323817.6875
34360,424703.46875
34410,532831.5
34510,414711.4375
34520,569386.875
34560,648157.9375
34590,426235.4375
34630,757342.9375
34650,403751.40625
34680,307042.09375
34750,363580.53125
34820,886516.25
34830,197910.59375
34840,321440.75
34860,624109.375
34870,622881.0625
34900,414302.1875
34990,349887.21875
35010,871520.75
35060,494895
35070,470389.3125
35080,219054.078125
35090,411650.96875
35110,331089.53125
35120,341017.40625
35140,333454.8125
35180,441405.03125
35190,402560.40625
35260,422569.8125
35270,484736.3125
35300,485269.03125
35350,558270.6875
35390,439739
35430,399182.9375
35440,415805.90625
35450,444364.53125
35490,456416.90625
35500,752439.625
35520,388225.4375
35560,454968.21875
35610,403375.6875
35620,876953.4375
35670,650743.875
35700,499986.125
35710,413380.5625
35730,418517.84375
35780,550520.8125
35810,379311.03125
35830,531527.625
35890,361667.15625
35910,777952.875
35950,501098.65625
35960,489854.46875
35970,329129.90625
36030,496209.84375
36120,370173.125
36130,365094.4375
36140,358931.25
36190,1019286.625
36200,375057.625
36210,627326.8125
36270,412756.21875
36280,954196.375
36300,460590.625
36380,445257.8125
36390,454747.5625
36430,317443.9375
36510,445848.09375
36530,514814.34375
36560,535514.3125
36590,378595.96875
36630,683572.1875
36650,376479.375
36670,593309.75
36680,526889.25
36700,349093.125
36710,536479.25
36770,456119.65625
36790,637035.875
36810,453879
36820,533017.4375
36840,330890.5625
36910,543535.5
36940,289947.53125
36990,397296.1875
37100,296306.71875
37130,513433.375
37230,642868.75
37240,426200.8125
37270,401870.4375
37310,494821.25
37320,440994.5
37340,394060.90625
37350,384311.34375
37470,440234.75
37490,377814
37520,369720.96875
37540,480091.53125
37570,572354.5625
37610,301866.65625
37620,323130.25
37630,322386.25
37720,600674.75
37740,465325.4375
37760,369692.1875
37830,701424.4375
37880,692872.1875
37970,364183.09375
38120,528775.625
38280,497100.8125
38300,523772.90625
38410,460632.59375
38450,481311
38530,409646.59375
38580,418991.59375
38610,338113.75
38670,535661.625
38680,435655.34375
38750,379629.84375
38770,531398.0625
38820,474105.0625
38840,304305.9375
38860,427479.03125
38870,307367.875
38880,363539.90625
38930,504631.90625
39010,368290.25
39030,398961.875
39080,389087.625
39140,409875.15625
39150,402455.5625
39170,438523.5
39220,321070.8125
39270,399737.1875
39280,419226.03125
39290,356866.15625
39350,317371.5625
39380,697468.625
39400,416452.6875
39470,471647.34375
39500,611200.8125
39520,418742.90625
39540,963399.5625
39550,571546.1875
39590,495596.6875
39600,388173.3125
39660,398328.09375
39720,454296.4375
39780,439869.8125
39790,413285.71875
39830,861816.4375
39840,454432.71875
39870,379470.34375
39900,439978.90625
39920,400955.96875
39930,402827.90625
39980,383600.90625
40010,411129.03125
40060,378346.9375
40070,412879.53125
40170,402218.28125
40230,387013.9375
40280,453206.4375
40290,357091.03125
40310,831994.875
40320,457879.15625
40340,493082.8125
40350,427990.3125
40360,320689.15625
40380,525675.25
40410,483867.1875
40420,320168.0625
40440,361011.78125
40450,438878.53125
40460,476764.6875
40480,472153.09375
40510,384965.8125
40520,309709.59375
40560,427070.3125
40580,352459.5625
40590,320644.46875
40600,491942.6875
40610,380536.15625
40620,480495.65625
40640,805657.1875
40680,419104.15625
40720,607356.875
40730,395480.59375
40840,364183.0625
40940,419471.28125
41000,386433.125
41030,408455.5625
41040,426848.09375
41050,605037.1875
41100,662499.4375
41110,325327.03125
41170,578693.25
41200,486681.0625
41210,422382.15625
41240,238143.5
41270,531760.5625
41300,597794.3125
41310,467755.625
41340,371400.3125
41370,656106.5
41390,316098.6875
41420,433027.5625
41500,392743.25
41520,705476.0625
41560,394951.96875
41570,388876.0625
41580,342110.40625
41640,482380.0625
41690,390314.9375
41740,616801.8125
41790,452476.53125
41800,375405.25
41860,325716.53125
41880,639147.625
41900,377478.4375
41920,564392.625
41950,262596.0625
42010,544243.875
42040,436205.3125
42070,402222.3125
42100,349472.34375
42110,770267.375
42120,366529.125
42140,494700.875
42150,381865.0625
42240,370423
42330,318607
42420,366835.3125
42430,456171.125
42580,402955.78125
42600,319357.15625
42670,318385.6875
42690,235799.3125
42710,390522.1875
42740,524355.5
42780,465447.875
42790,653768.1875
42810,746499.625
42830,358299.09375
42840,433613.65625
42940,397760.09375
42960,376185.25
42990,419099.15625
43000,753250.125
43090,591983.4375
43110,298733.6875
43160,343080.40625
43190,446584.1875
43200,341642.40625
43220,543822.5625
43230,611713.5
43240,464821.34375
43250,443662.375
43290,440810.0625
43320,421080.71875
43340,765261.0625
43390,409246.65625
43410,516817.90625
43430,348483.21875
43470,346362.84375
43490,333936.6875
43520,894238.8125
43530,368122.28125
43540,376632.875
43590,214417.109375
43600,326621.0625
43620,459056.21875
43630,793906
43640,323646.125
43670,437966.1875
43680,423474.25
43690,313949.28125
43740,470178.34375
43790,332964.53125
43850,523833.90625
43860,213199.671875
43890,375177.3125
43930,373933.5
43980,355923.21875
44000,450622.5
44020,298926.1875
44030,383973.84375
44040,458480.96875
44070,414838.78125
44080,376115.875
44090,332036.125
44100,511831.15625
44130,565077.375
44180,333664.84375
44230,489818.96875
44250,432418.5
44310,569169
44330,798041.75
44340,313576.5625
44350,329755.65625
44430,464871
44450,484587.09375
44520,424192.40625
44600,289740.90625
44610,439767.625
44660,517071
44670,342389.625
44700,367759.90625
44710,488027.65625
44720,645005
44760,599199.125
44780,325866.71875
44880,355900
44930,599557.9375
44940,615959.1875
44950,431677.90625
44980,457256.9375
45010,335735.21875
45040,482950.6875
45100,412407.15625
45140,233530.484375
45190,330862.53125
45250,868699.4375
45290,366927.3125
45310,293730.40625
45390,476487.25
45400,259122.484375
45420,414323.46875
45440,404589
45450,528106.875
45490,567110.5625
45510,311439.8125
45570,506922.5625
45600,471745.78125
45610,474962.4375
45660,292952.65625
45670,314431.03125
45690,617029.8125
45710,502620.59375
45760,320954.21875
45770,365954.34375
45830,394958.3125
45840,310793
45890,478372.46875
45920,473887.3125
45930,422410
45970,576161.6875
46000,385994.03125
46050,304407.3125
46060,421839.6875
46090,550775.1875
46100,461967.5625
46140,310398.46875
46230,466415.90625
46270,407188.71875
46280,368580.875
46320,518812.8125
46330,389988.96875
46350,663313.6875
46360,396158.125
46390,404476.28125
46400,531545.625
46410,587549.125
46450,336190.5
46470,388474.90625
46480,538046.25
46500,375426.15625
46510,506348.125
46540,466057.15625
46550,310369.3125
46570,446282.75
46580,532976.0625
46590,353314.375
46640,405252.65625
46680,398560.5625
46690,312539.8125
46710,411203.875
46730,465209.5625
46800,507784.84375
46820,330224.3125
46860,366349.5
46880,454502.34375
46920,504847.03125
46950,401684.625
46980,469340.125
46990,297883.4375
47050,401497.25
47160,452233.1875
47220,842702.6875
47250,296175.84375
47270,515451.09375
47280,424508.90625
47290,705148.3125
47310,297951.6875
47360,542379.25
47400,466843.5
47410,429847.4375
47430,781502.0625
47450,362853.625
47480,340739.96875
47680,446856.78125
47690,358052.5
47700,407510.84375
47740,421193.0625
47790,398056.0625
47800,328191.9375
47840,349503.46875
47860,265326.75
47920,339702.40625
47940,436986.40625
47950,311983.8125
47960,514538.1875
47990,419325.5625
48070,393463.90625
48100,526389
48150,397173.59375
48170,395354.46875
48190,477443.03125
48260,355639.75
48280,408689.90625
48350,476364.0625
48410,363575.3125
48420,753592.25
48450,437933.1875
48570,353181.21875
48650,706996.5625
48660,322120.75
48730,371029.0625
48780,452202.375
48970,332123.0625
49070,419668.59375
49110,322412.0625
49140,597452
49160,536255.5625
49260,349941.125
49280,573895.625
49320,385045.125
49430,508306.125
49470,567613.375
49490,334204.71875
49550,404323.5625
49560,376750.0625
49580,441819.8125
49590,430789.28125
49610,326272.84375
49640,455706.5625
49650,360336.5
49690,276052.6875
49700,514429.84375
49730,593484.3125
49750,300325.0625
49770,370084.21875
49940,545850.5625
49950,387699.65625
50000,572542.6875
50010,326838.375
50030,495403.3125
50040,436067.78125
50050,222405.546875
50070,555260
50080,511077.8125
50090,376348.90625
50120,302654.21875
50150,505050.1875
50230,434536.84375
50240,242577.109375
50270,265217.1875
50290,397890.53125
50310,371086.40625
50320,434164.4375
50330,320713.21875
50340,569752.4375
50350,331616.125
50370,587198.6875
50390,311233.3125
50400,966618.4375
50440,416243.6875
50450,462901.65625
50520,681648.8125
50540,459534.03125
50570,323896.875
50580,353467.25
50610,521639.46875
50630,333929.84375
50670,350377.75
50700,384733
50710,349358.875
50790,397706.71875
50840,312960.9375
50870,597744.1875
50920,511179.1875
50940,362421.25
50950,431760.0625
50970,304887.46875
51010,449736.4375
51020,728199.375
51040,370078.75
51050,301884.0625
51120,532996.0625
51140,368256.96875
51190,301013.78125
51220,278002.78125
51320,381669.375
51340,458750.4375
51370,410638.875
51400,423753.15625
51420,469534.53125
51430,389340.90625
51540,382656.4375
51550,416895.4375
51560,473699.90625
51580,506659.40625
51640,336964.65625
51650,378790.625
51720,423834.1875
51740,333735.8125
51760,888492.5
51780,462774.375
51790,455760.78125
51820,887731.4375
51830,398613.625
51850,512259.46875
51860,364991.625
51910,525810.0625
51950,386076.03125
51970,648776.25
52000,612816.1875
52050,418141.875
52080,335689.71875
52140,349898.46875
52220,422444.65625
52250,404989.46875
52290,641664.8125
52300,409872.1875
52310,320577.09375
52350,368738.5625
52390,434470.84375
52410,374926.03125
52470,926369.5625
52590,447760.5
52650,365828.8125
52710,303596.25
52730,433366.75
52780,337284.4375
52790,320283.875
52860,496484.75
52870,611303.9375
52880,272627.34375
52890,702987.5625
52900,427498.1875
52910,302656.6875
52990,445099.34375
53040,622692.75
53130,308270.21875
53180,397553.0625
53200,378218.125
53210,485791.375
53230,531163.6875
53240,654503.5
53250,293880.3125
53270,411613.5
53300,420891.09375
53340,429020
53420,599564.0625
53430,274024.90625
53440,301904.875
53500,581225.375
53540,460127.65625
53550,408796.125
53610,398035.09375
53620,739524.1875
53630,348400.375
53680,637819.5
53710,516739
53720,495190.71875
53740,399482.46875
53770,685671.9375
53780,648965.375
53790,397220.6875
53800,511258.3125
53820,322634.0625
53840,415335.625
53850,410215.75
53860,516395.8125
53880,359103.875
53930,315981.375
53940,249965.625
53970,309603.1875
54020,398948.71875
54030,476587.53125
54040,397371.78125
54050,799951.25
54060,334437.71875
54080,481354.25
54100,469714
54130,369195.78125
54140,565382.5
54180,438883.34375
54220,744690.0625
54240,373109.65625
54260,386624.5
54290,365656.0625
54350,343011.09375
54400,442329.75
54510,322125.625
54520,380771.125
54540,275261.8125
54600,462352.84375
54660,391436.1875
54690,422125.0625
54700,374503.71875
54730,496562.0625
54750,330866.5
54760,577094.25
54800,398039.125
54850,265949.1875
54890,560632.4375
54900,407424.46875
54930,370531.28125
54950,421550.09375
54980,358248.3125
55070,590612.4375
55080,735016.375
55140,364004.875
55190,372759.59375
55200,519467.125
55220,341651.375
55230,279553.5
55270,390598.0625
55330,475906.84375
55390,361364.59375
55400,250964.765625
55410,364215.03125
55480,349049.5
55500,479044.625
55550,412732.4375
55570,515306.78125
55610,435103.21875
55620,532027.875
55630,552515
55780,503588.625
55800,328892.84375
55870,326409.34375
55910,395838.78125
55970,366126.9375
56000,351575.28125
56070,490488.1875
56080,307312.125
56150,379542.0625
56160,624092.3125
56170,310495.75
56180,338227.75
56250,323719.3125
56260,338232.90625
56280,854740.0625
56290,476326.21875
56370,842180.4375
56380,480746.03125
56470,430223.5
56570,294158.96875
56580,339581.4375
56630,354102.1875
56640,472705.03125
56670,440399.21875
56710,769183.4375
56730,671905.3125
56750,431513.6875
56770,476827.34375
56790,557575.125
56800,485475.1875
56810,358173.09375
56820,534106.875
56830,415984
56870,547096
56880,491655.40625
56900,536422.1875
56910,463426.625
57000,390257.9375
57010,415827.78125
57050,684666.6875
57080,304340.21875
57140,556144.3125
57170,461185.09375
57200,448518.21875
57210,367390.125
57220,466388.96875
57280,447540.0625
57310,372914.40625
57320,506114.25
57360,598952
57380,453430.8125
57480,339423.09375
57500,425022.25
57530,540534.5625
57540,394315.53125
57550,243688.546875
57560,476254.28125
57600,422145.40625
57680,702221.25
57690,754639.5
57700,921270.125
57820,323486.375
57850,362773.4375
57870,412975.21875
57900,298889.9375
57920,480495.84375
57930,354209.3125
58000,423555.375
58010,354716.3125
58040,266055.875
58090,308815.78125
58150,370104.28125
58180,375521.28125
58240,438042.3125
58320,326016.78125
58330,346224.78125
58340,567622.25
58390,595542.1875
58400,392668.0625
58410,377246.625
58470,552522.25
58480,568440.375
58490,407905.15625
58550,282520.125
58590,460344.6875
58660,464423.0625
58700,339728.5
58830,454163.34375
58860,447665.59375
58890,408248.6875
58900,463472.96875
58920,254136.046875
58990,385521.625
59010,409151.625
59020,400547.625
59040,644019.8125
59050,319976.09375
59060,311606.15625
59100,477124.6875
59140,307531.21875
59150,729696.125
59170,337707.84375
59230,397426.40625
59270,556260.9375
59310,376264.125
59320,194509.765625
59360,462575.59375
59390,348599.34375
59410,455590
59420,830464
59550,462357.84375
59630,597625.1875
59670,422652.21875
59710,793943.75
59760,503592
59790,399028.8125
59870,393238.71875
59950,487226.3125
60030,339565.78125
60040,459310.3125
60130,614950.9375
60170,884372.8125
60210,345799.15625
60220,574996.125
60230,459644.25
60250,308874.8125
60310,480348.3125
60350,302924.15625
60370,560282.4375
60390,521771.28125
60400,395801.1875
60430,540088.0625
60440,385705.1875
60500,299767.65625
60520,332663.09375
60530,479501.25
60620,469561.8125
60740,319711.6875
60750,554503.875
60770,378137.40625
60820,672725.3125
60840,318953.25
60880,318923.46875
60890,510459.375
60960,423457.21875
60970,386429.90625
60980,465383.78125
60990,443806.40625
61130,494582.15625
61170,361834
61210,511152.3125
61220,452022.875
61240,410667.5
61280,419322.59375
61330,394882.03125
61350,366610.75
61360,231016.953125
61380,400782.03125
61390,396739.71875
61470,485786.59375
61490,522248.90625
61500,343671
61570,469307.65625
61610,373281.3125
61640,409662.28125
61710,408352.40625
61730,334444.9375
61770,375159.1875
61820,427959.5625
61840,346099.5625
62020,352739.46875
62050,632472.4375
62110,391174
62120,396006.34375
62180,495238.53125
62200,350155.46875
62230,376786.5
62250,547057.3125
62280,392019.0625
62330,559495.125
62360,306616.375
62400,461556.59375
62410,319881.15625
62440,332389.90625
62460,449608.625
62510,318703.65625
62520,358034.09375
62530,468991.65625
62550,421551.03125
62570,360717.71875
62620,320619.59375
62660,487111.21875
62670,862224.375
62690,315192.65625
62720,352031.46875
62810,429264.96875
62820,344038.9375
62830,526480.5625
62860,365440.6875
62890,458310.53125
62920,363623.1875
63060,297131.09375
63080,564574.8125
63100,430418.71875
63110,321202.75
63160,398846.90625
63180,358524.03125
63200,487336.71875
63210,381276.84375
63240,330182.5
63270,382667.78125
63290,403908.125
63340,345111.84375
63350,397006.75
63360,354422.75
63390,417061.625
63420,440669.3125
63450,422275.1875
63480,466915.5625
63520,466389.34375
63570,343410.46875
63620,361861.25
63650,425402.625
63670,343689.65625
63690,450142.65625
63740,427996.34375
63750,384343.46875
63760,423337
63800,478441.9375
63820,428235.9375
63840,1028528.8125
63870,637360.75
63880,827089.4375
64050,396354.6875
64180,485986.9375
64200,362592.90625
64240,407584.625
64310,563792.875
64410,453922.96875
64430,345946.3125
64450,452250.28125
64470,342068.4375
64510,359243.8125
64530,374918.65625
64570,621919.875
64600,446128.0625
64620,460924.1875
64660,437667.96875
64730,781569.8125
64810,414590.46875
64820,405070.40625
64860,428853.125
64910,281697.15625
64930,233771.75
64940,412994.09375
64950,571851.4375
64960,500631.625
65000,375824.5
65030,482516.3125
65050,221856.328125
65060,334985.125
65100,505521.3125
65110,294684.5
65180,543316.125
65200,386399.90625
65210,420258.125
65260,634776.625
65270,582911.9375
65290,261293.453125
65300,465667.875
65380,878480.3125
65390,426255.8125
65400,416175.3125
65420,443386.5625
65490,566037
65510,685544.125
65520,352041.8125
65540,303456.28125
65550,339519.4375
65560,441635.0625
65590,329570.75
65680,506743.09375
65690,311393.8125
65730,337964.625
65740,944720.9375
65810,435644.71875
65840,830859.6875
65850,359583.1875
65880,242116.234375
65930,311427.625
65980,288367.65625
65990,751502.625
66010,402614.78125
66040,301928.71875
66050,673357.75
66060,460959.46875
66100,262101.859375
66120,340470.96875
66170,284808.28125
66190,295342.5
66200,462027.34375
66210,641239.9375
66280,445274.28125
66290,592735.4375
66360,430417.3125
66430,345458.53125
66440,432864.6875
66460,421479.65625
66520,449974.09375
66550,432673.75
66560,358102.5
66600,390589.1875
66610,334603.9375
66650,275626.1875
66710,215173.234375
66780,503246.21875
66810,317086.59375
66830,534708.5625
66850,229147.046875
66860,419086
66890,323415.90625
66910,425105.875
67080,355298.09375
67100,299695.03125
67120,333896.3125
67150,470566.53125
67160,338797.875
67200,520400.9375
67220,351329.34375
67270,979408.6875
67280,409987.53125
67320,316037.96875
67330,313743.25
67350,524743.8125
67400,874450.5
67410,332761.9375
67430,310830.84375
67510,387314.6875
67550,329863.6875
67600,316968.28125
67670,482877.34375
67680,252775.46875
67700,347643.28125
67740,431033.96875
67810,375458.78125
67820,601709.5
67840,528406.75
67860,379670.5625
67870,467239.3125
67950,401284.21875
68020,499230.09375
68030,365789.96875
68070,383132.1875
68120,445690.21875
68190,615735.875
68200,618329.3125
68210,326152.75
68270,343495.53125
68280,288489.0625
68300,498574.09375
68320,398213.0625
68380,340274.21875
68390,395457.46875
68420,917076.5625
68430,433127.5
68470,521187.34375
68500,419901.375
68510,437148.53125
68520,361422.1875
68560,449690.90625
68570,291266
68580,455516.53125
68590,438336.875
68620,387151.9375
68630,331748
68640,701765.875
68690,458176
68710,345989.875
68720,314492.0625
68730,289123.5
68740,532633.6875
68770,364937
68780,402391.0625
68820,425973.15625
68840,403139.1875
68850,412820.78125
68860,441603.6875
68880,271849.625
68920,448664.34375
68960,448606.4375
68970,436703.9375
69000,467068.28125
69020,456880.8125
69060,492022.875
69080,462146.1875
69120,625231.3125
69190,472576.0625
69230,349695.59375
69240,449109.71875
69260,371370.6875
69270,268026
69300,555678.125
69310,421790.75
69390,317417.5
69410,437273.90625
69440,370627.375
69470,342605.90625
69550,469261.15625
69610,425229.75
69700,381371.21875
69710,342843.40625
69730,446467.28125
69770,464943.125
69800,293846.65625
69810,370157.3125
69830,378024.71875
69840,444536.3125
69870,862827.3125
69960,521818.15625
69980,268086.0625
70010,663430.9375
70040,376639.4375
70070,471616.8125
70130,395265.03125
70140,259570.9375
70200,386078.5625
70230,562177.1875
70260,484979.0625
70280,401377.8125
70300,265517.71875
70340,336509.96875
70350,506226.5625
70380,393252.21875
70420,388936.25
70430,390158.09375
70480,455091.125
70500,582576.5
70560,447163.4375
70580,418647.46875
70590,467461.5
70600,438451.125
70670,447745.90625
70690,447558.96875
70700,397806.6875
70720,367004.84375
70750,400388.53125
70760,323447.84375
70820,324765.59375
70920,407217.53125
71010,262705.875
71030,523944.34375
71060,371773.4375
71070,501841.9375
71080,476854.25
71090,288791.5
71100,344121.78125
71150,476417.4375
71210,520908.46875
71310,721278.25
71360,394969.5
71450,400465.53125
71490,461200.625
71510,523144.09375
71530,433068.28125
71550,622654.5625
71570,517901.90625
71580,508285.4375
71660,289301.59375
71670,450263.71875
71690,289000.5
71700,448449.34375
71710,448798.5625
71740,312861
71760,439169.78125
71810,316944
71860,341530.40625
71890,1004844.5
71930,450222.6875
71940,568815.125
71970,422731.59375
71990,449622.25
72020,853300.1875
72070,355342.46875
72110,303362.90625
72140,357997.4375
72180,459552.3125
72240,342200.96875
72250,343111.15625
72260,415607.1875
72380,356117.625
72440,299412.6875
72450,406974.40625
72470,423914.5
72500,391326.71875
72510,479603.09375
72550,986180.8125
72600,309840.3125
72620,432657.25
72700,480515
72710,637991.6875
72750,346827.03125
72760,349709.59375
72790,281368.5625
72800,444500.3125
72820,622462.3125
72850,353743.65625
72870,348629.65625
72910,387510.84375
72930,316807.0625
72950,637216.375
72980,578024.5
73000,870115.6875
73010,358439.71875
73030,630233.1875
73060,489016.15625
73070,399116.4375
73080,363787.65625
73120,373478.90625
73220,425342.84375
73270,476076.1875
73310,323426.6875
73470,397340.15625
73500,574740.1875
73530,554943.625
73540,448143.34375
73570,462958.3125
73580,380508.40625
73590,609137.3125
73610,448390.09375
73630,427766.0625
73640,328826.46875
73660,490556.40625
73690,459311.53125
73710,486609.34375
73780,400216.59375
73820,428490.84375
73830,335982.78125
73840,394075.28125
73870,397241.53125
73880,640143.3125
73910,522363.09375
73920,614946.125
73940,397907.15625
74010,374147.65625
74060,379856.03125
74070,463275.84375
74080,502383.375
74100,320323.3125
74110,829773.4375
74180,313434.40625
74190,935036.6875
74220,319358.15625
74280,452969.375
74310,280214.125
74320,351485.875
74380,443636.34375
74410,428432.0625
74440,586450.75
74460,474212.9375
74470,408515.21875
74500,691865
74510,471796.78125
74520,484200.25
74540,547825
74560,350814.34375
74570,323472.125
74580,478328.46875
74700,313292.0625
74740,647761.1875
74780,412459.4375
74830,402276.1875
74840,561249.9375
74850,427018.21875
74860,392897.53125
74890,530970.0625
74930,403168.59375
74950,682040.6875
75000,554922
75070,578936.4375
75110,339090.53125
75130,267097.875
75140,361881.78125
75200,368191.96875
75230,356590.40625
75290,361043.5
75330,489075.0625
75420,543537.625
75430,318002.40625
75460,431820
75480,410182.4375
75490,570091.1875
75500,303753.5625
75560,401515.59375
75580,586313.1875
75590,247625.421875
75650,746896.5625
75720,311116.8125
75730,754774
75740,343360.59375
75750,418614.15625
75790,423042.96875
75820,328199.28125
75850,460980.75
75860,485001.21875
75870,305870.875
75910,331677.59375
75920,409675.9375
75950,358186.65625
76010,533238.25
76060,481313.65625
76070,348334.1875
76110,626840.5625
76120,809043.0625
76130,372681.40625
76170,506484.5
76200,366615.125
76250,379813.90625
76260,373838.9375
76280,344537.8125
76290,606346.0625
76320,868549.75
76330,371634.78125
76400,481665.84375
76470,245754.8125
76540,411793.40625
76560,401783.84375
76570,504079.625
76630,682238.25
76640,584733.8125
76690,480044.71875
76700,347674.53125
76730,416489.21875
76760,761092.875
76820,297668.6875
76830,476435.15625
76890,364311.3125
76920,414515.40625
76980,448495.34375
77040,402187.625
77050,338361.78125
77070,354018.78125
77080,342570.875
77090,495769.96875
77140,693166.4375
77200,329007.625
77220,248290.171875
77250,733693.6875
77270,547307.625
77310,601050.25
77330,453127.5
77340,452983.84375
77350,319904.78125
77390,545763.625
77440,428082.71875
77450,479530.59375
77490,339626.0625
77530,284346.625
77560,390385.75
77600,311239.875
77640,416604.09375
77660,354240.65625
77680,285266
77740,462282.59375
77750,472469.6875
77760,355466.78125
77770,375398.9375
77780,340772.03125
77800,364050.875
77880,415165.09375
77930,278420.1875
77940,382159.84375
77970,390302.125
77990,870920.75
78000,361676.78125
78020,362633.40625
78140,427339.03125
78180,371869
78190,376298.9375
78220,595055.6875
78230,357707
78260,418359.625
78390,400210.46875
78410,388947.78125
78450,508060.125
78460,653009.6875
78530,553941.4375
78570,538300.875
78620,263869.90625
78680,483780.75
78730,652124.125
78750,318990.9375
78840,585020.1875
78860,397037.15625
78870,388128.25
78880,345853.25
78950,316369.9375
79040,418241.53125
79050,335834
79110,805107.25
79120,488580.75
79150,427722.71875
79160,401934.1875
79170,450494.71875
79190,419636.8125
79210,413249.3125
79220,316301.5
79240,360424.4375
79280,491939.40625
79300,641614.25
79330,334750.5625
79350,476838.34375
79430,406991.90625
79460,432809.625
79490,387687.34375
79500,409143.46875
79530,402649.65625
79540,411863.15625
79550,379743.15625
79560,400309.5
79580,368470.53125
79590,283581.03125
79680,437459.5
79690,837524.0625
79700,429978.71875
79720,379389.59375
79740,327527.78125
79750,795427.3125
79780,275676.75
79790,405428.53125
79830,359427
79850,682277.125
79860,389815.5625
79870,495944.4375
79920,490904.5625
80000,344048.46875
80050,424676.8125
80110,377615.625
80140,390457.59375
80190,552131.75
80210,591375.875
80260,370375.84375
80290,477797.5625
80340,478361.71875
80400,336372.25
80410,325594.78125
80440,410205.71875
80470,428679.5
80480,713392.875
80550,328293.96875
80560,334990.3125
80570,434547.40625
80620,359100.75
80670,387044.28125
80680,343895.3125
80720,391654.875
80760,353510.1875
80830,381978.25
80840,336160.75
80870,467060.3125
80910,548835.9375
80950,264059.84375
80970,399337.1875
81020,272227.46875
81060,492786.5625
81090,317197.9375
81100,339862.34375
81160,173777.40625
81180,439970.5625
81320,407301.65625
81400,335692.6875
81410,601704.875
81430,361527.46875
81500,387759.03125
81550,836852.625
81560,551191.625
81570,382982.78125
81650,630840.8125
81720,319419.625
81790,312801.40625
81800,489946.4375
81830,374933.375
81850,411094.15625
81860,956527.1875
81880,428287.03125
81890,400694.09375
81950,284644.78125
81990,560950.625
82000,356564.84375
82040,580392.375
82060,466643.5
82070,506296.03125
82090,410143.96875
82100,345918
82130,391854.90625
82140,370609.21875
82190,419660.40625
82210,378363.09375
82220,496037
82250,514812.65625
82270,342917.96875
82290,369855.4375
82310,527364.0625
82320,515479.28125
82360,301676.5625
82380,363697.75
82390,271871.3125
82420,481774.125
82430,357565.09375
82440,336891.6875
82450,396770.34375
82470,319470.78125
82530,342357.75
82580,387906.875
82620,391505.4375
82640,373527.40625
82660,464444.90625
82720,488403.75
82760,429660.84375
82780,347464.78125
82790,419061.53125
82820,368812.8125
82860,542722.5625
82880,255973.84375
83010,422359.65625
83030,371641.125
83080,943371.375
83140,240307.28125
83230,389470.8125
83250,381535.84375
83290,276083.125
83300,505365.3125
83310,455752.8125
83360,572997.5625
83390,552258.125
83400,576853.125
83420,533578.1875
83430,304316.96875
83520,619464.875
83580,391088.5
83640,329683
83670,763992.5
83720,431025.65625
83740,566811.625
83780,384052.28125
83910,360891.125
83950,657215.3125
83980,325699.75
83990,378625.875
84020,323969.5
84030,372419.6875
84050,292959.65625
84060,335799
84090,532894.75
84100,378732.90625
84130,705044.0625
84180,873348.125
84200,572014.4375
84220,353302.03125
84250,357396.0625
84270,632218.6875
84340,310476.9375
84390,355853.5625
84430,1064617.75
84440,464515.125
84450,846643
84490,464631.5
84520,464999.375
84570,907559.25
84580,855758.6875
84590,422319.28125
84610,599066
84720,297534.1875
84730,402269.78125
84740,494373.21875
84760,448463.40625
84770,967979.4375
84850,451101.21875
84900,410849.21875
84910,396009.46875
84940,943383.8125
84970,444545.3125
84990,462779.78125
85020,852656.75
85060,290977.46875
85080,435815.90625
85100,308927.5625
85120,533125.9375
85160,538755.75
85180,399372.40625
85200,746366.25
85210,470060.21875
85230,271681.125
85340,601450.3125
85360,313881.28125
85400,950801.375
85430,358770.46875
85510,345428.4375
85530,562268.75
85550,707587.1875
85560,406579.46875
85570,477458.96875
85590,553534.9375
85610,346472.71875
85640,757727.375
85680,413159.5
85730,467652.53125
85770,342108.46875
85790,547345.1875
85810,371302.3125
85850,325809.5625
85870,306724.5625
85900,355859.65625
85930,345864.21875
85950,715756
85960,322864.125
85970,685615.875
85980,471931.0625
86060,385148.5
86080,530991.5
86090,341383.125
86100,366681.125
86120,377494.25
86130,347470.9375
86200,591550.0625
86210,617403.8125
86220,309324.28125
86240,452733.25
86260,553284.6875
86270,312699.625
86280,368678.40625
86300,278687.625
86310,479061.375
86370,383036.15625
86450,548472.0625
86460,515287.65625
86470,440186.25
86660,548450.4375
86680,361511.4375
86710,351928.46875
86720,324918.21875
86750,375851.8125
86760,361162.15625
86820,717284.875
86840,290054.5
86880,324448.5
86960,363612.1875
86970,271014
87020,306944.125
87030,1016838.625
87050,748809.3125
87160,472293.71875
87180,696778.9375
87220,551089.5625
87230,372629.6875
87250,312444.5625
87260,834204.25
87280,349308.78125
87300,337354.90625
87310,458665
87330,329043.0625
87390,487704.78125
87410,403290
87440,323624.84375
87450,382480.90625
87460,598757.9375
87590,1035859.6875
87600,461576
87640,372546.59375
87680,372371.625
87740,319082
87750,381679.0625
87790,723833.875
87810,386866.59375
87880,458417.40625
87920,490487.0625
87950,360180.96875
88060,743029.125
88070,460467.34375
88170,393837.6875
88180,384317.15625
88220,331468.53125
88250,334988.5625
88260,401789.03125
88320,318011.8125
88360,351543.84375
88380,406470.28125
88410,436549.25
88440,403382.09375
88450,441085.15625
88480,312671.84375
88520,429393.4375
88540,480896.9375
88550,410702.65625
88610,386978.03125
88620,445180.3125
88680,342203.4375
88720,382437.40625
88760,297636.25
88790,375263.46875
88810,441286.5
88850,358828.75
88870,375181.1875
88910,341060.875
88970,413001.875
89010,286997.8125
89020,479432.5625
89040,448076.90625
89050,387404.0625
89100,418992.9375
89110,429180.21875
89140,460728.0625
89190,358933.25
89220,357006.34375
89250,421980.9375
89260,606427.5
89270,268427.59375
89350,498444.875
89390,469957.25
89490,475519.125
89510,600409.9375
89530,503413.25
89560,393408.96875
89590,311063.59375
89640,403722.09375
89670,606066.6875
89720,353009.03125
89740,645323.5
89800,460467.8125
89840,1000829.5625
89860,279628.03125
89880,344662.8125
89950,727332.9375
89990,613783
90010,582600
90030,451157.84375
90050,646066.1875
90160,348393.1875
90190,391747.75
90210,345314.09375
90230,486435.75
90240,742100.0625
90340,515223
90350,409924.09375
90380,568817.75
90390,355968.96875
90420,673160.25
90440,675943.5
90480,417545.25
90490,281558.9375
90500,595502.5625
90520,496668.9375
90530,478962.96875
90570,368565.5
90600,563637.25
90720,329187.4375
90770,495315.6875
90790,309721.28125
90800,358854.46875
90840,360287.03125
90880,413929.3125
90910,363673.5625
90920,224491.71875
90930,426691.1875
90970,394045.34375
91000,490235.96875
91060,544483.8125
91070,374437.1875
91080,405047.34375
91090,444656.34375
91110,343457.78125
91160,433191.71875
91180,484058.5
91200,682687.9375
91210,437617.875
91280,659183.6875
91300,495718.40625
91340,486111.625
91400,699456.3125
91430,690417.125
91480,403459.0625
91520,372165.75
91550,328382.65625
91560,333430.28125
91650,582699.5625
91660,289295.71875
91770,523656.46875
91780,442856.875
91850,392209.53125
91930,296431.46875
91950,317308.5625
92000,523676.4375
92030,416889.0625
92090,253019.1875
92120,226396.171875
92130,311666.59375
92140,708900.6875
92150,391721.5625
92160,343559.0625
92180,395710.125
92200,774836.4375
92220,293340.9375
92250,404626.375
92260,641249.5
92310,330897.25
92380,293723.1875
92420,422105.0625
92430,290641.3125
92540,593521.4375
92550,402946.09375
92660,428331.96875
92690,688137.5625
92730,439461.625
92810,366896.5625
92830,492561.15625
92880,316707
92910,436785.53125
92920,493006.875
92950,347929.4375
93000,568953.625
93010,784612.0625
93050,340101.5625
93080,264178.125
93090,429974.96875
93130,598770.375
93140,430158.71875
93160,393724.15625
93190,305823.34375
93210,498780.28125
93220,412324.75
93230,306078.875
93250,456935.46875
93280,447087.25
93310,423714.25
93350,412213.875
93370,356241.65625
93420,426751.125
93430,376670.25
93440,349568.96875
93550,373430.78125
93580,896583.5625
93650,392519.4375
93660,327237.1875
93680,548819.375
93710,289444.3125
93820,490339.59375
93850,876556.9375
93860,366400.59375
93870,296622.6875
93880,427341.78125
93900,306419.4375
93920,424846.09375
93940,605591.625
94010,452098.0625
94020,287469.4375
94050,431455.21875
94070,408629.46875
94110,709338.5625
94160,562950.625
94210,407692.875
94220,425462.875
94230,502906.84375
94270,933452.5
94280,476693.6875
94290,373703.03125
94340,457487.9375
94370,249711.828125
94380,455044.34375
94410,549003.4375
94430,470573.78125
94460,325938.625
94470,462307.59375
94530,359876.1875
94650,576210.375
94660,427808.3125
94680,390980.5625
94740,342464.5
94820,639579.75
94900,410743.625
94910,443234.4375
95180,366832.6875
95230,513773.84375
95270,278971.59375
95300,336597.34375
95340,507097.8125
95380,547508.0625
95410,443025.59375
95450,481293.5625
95470,249415.96875
95510,458157.28125
95540,255420.359375
95570,542994.4375
95610,453979.9375
95630,304526.96875
95650,367969.9375
95660,358518.96875
95700,777884.4375
95710,306208.9375
95800,410304.5
95820,318423.375
95870,697655.3125
95950,910692.4375
95980,549081.5625
96040,455101.625
96050,781526.625
96120,347502.90625
96140,359031.5
96150,469511.09375
96170,397663.5
96180,597502.375
96200,387836.0625
96250,316592.5625
96270,626983
96370,562748.25
96380,726940.5
96430,649830.625
96450,495497.375
96480,476723.46875
96580,449017.96875
96600,414071.96875
96630,263260.53125
96660,355816.1875
96680,928028.375
96710,887214.6875
96740,397538.40625
96790,351019.96875
96800,392798.90625
96850,344427.25
96940,537403.0625
96950,711077.9375
96960,429043.5625
96970,505790.46875
96980,381147.0625
97040,517582.0625
97080,359383.9375
97120,543174.5625
97130,379626.5
97170,399835.03125
97190,433424.84375
97210,761876.125
97220,412275.1875
97240,310496.96875
97400,321525.34375
97440,344110.9375
97480,353505.8125
97520,567557.75
97590,539214.6875
97630,349646.21875
97640,359454.59375
97690,844579.9375
97720,374944.71875
97800,303966.28125
97880,477187.84375
97900,524071.65625
97930,1044141.0625
97940,467298.25
97980,341422.28125
98030,513440.6875
98060,419242.625
98100,355460.375
98170,557462.625
98190,473480
98230,381251.15625
98240,442492.0625
98250,444349.84375
98260,453026.34375
98270,415276.0625
98310,346913.875
98340,377602.9375
98350,334990.53125
98370,343244.34375
98410,521471.3125
98420,338492.65625
98470,378177.34375
98480,711361.375
98590,615386
98620,416974.34375
98630,358996.90625
98640,597768.0625
98670,372847.15625
98700,367637.03125
98710,377629.09375
98720,467430.75
98730,481307.4375
98740,725185.375
98760,432318.5625
98820,687354.375
98850,272136.34375
98870,306225.15625
98880,534049.9375
98890,319673.6875
98910,498283.46875
98970,477095.5
98980,612542.0625
99020,489054.25
99050,409221.78125
99070,330697.1875
99090,386118.25
99120,329553.59375
99150,413068.21875
99180,363358.8125
99280,287104.40625
99290,857468.25
99450,629076.8125
99470,322035.25
99480,344743
99500,774192.25
99590,385841.15625
99640,598659.875
99660,397434.34375
99680,554557.875
99720,360770.6875
99770,400792
99790,462597.40625
99800,278253.65625
99830,414335.34375
99880,333006.75
99900,436147.71875
99910,427755.90625
100000,321855.875
100020,517438.71875
100060,353249.5
100120,511860.1875
100140,453554.71875
100220,364455.3125
100240,328398.9375
100390,700540.8125
100400,536389.4375
100430,324525.75
100500,388173.4375
100520,459613.3125
100610,426604.78125
100680,691873.8125
100700,378735.28125
100740,343320.03125
100780,356986.03125
100790,337737.9375
100820,373543.5
100830,333075.21875
100840,443820.78125
100850,315390.78125
100860,380637.875
100870,831362.1875
100910,337445.9375
100930,368084.65625
100980,451203.78125
100990,401270.5
101080,356497.125
101090,429528.40625
101110,320542.4375
101120,469168.03125
101140,353393.8125
101240,285158.59375
101250,312169.1875
101320,371157.28125
101340,351676.1875
101410,271307.90625
101430,325795.625
101470,359896.53125
101480,435815.03125
101520,437013.1875
101580,313174.5
101590,369513.53125
101610,430832.28125
101620,407060.1875
101630,674814.625
101680,533139.8125
101700,402360.1875
101750,338769.34375
101780,485806.5625
101790,458282.53125
101890,774670.8125
101910,329181.6875
101960,389148.625
101980,504892.71875
102030,347697.84375
102050,394243.96875
102200,330487.84375
102260,335774.53125
102270,414444.875
102280,428673.0625
102340,381986.34375
102350,374310
102440,939732.9375
102450,400633.40625
102460,359223.03125
102470,424114.96875
102550,580947.9375
102570,336911.46875
102580,437664.8125
102620,475596.5625
102630,542547
102640,403874.375
102650,437529.71875
102670,389930.59375
102720,359050.75
102760,413537.375
102830,351153.96875
102860,386513.25
102880,451546.125
102890,463851.78125
102950,347939.0625
102990,405874.9375
103000,371659.28125
103040,432829.75
103070,273294.875
103100,467497.34375
103110,359688.375
103120,270112.59375
103280,613022.0625
103290,359358.75
103300,372615.125
103310,665648.25
103330,409979.15625
103340,437245.59375
103440,421822.875
103530,705723.25
103570,383474.40625
103580,357309.96875
103590,246163.734375
103630,480789.625
103640,420650.875
103650,552487.625
103670,389663.5625
103690,320212.96875
103760,422627.65625
103810,363772.0625
103820,461674.5
103860,511890.25
103880,362466
103920,388287.5
103960,442609.71875
103990,410135.03125
104010,465917.25
104040,465626.34375
104060,456328.8125
104160,229152.421875
104200,325662.34375
104210,640343
104260,684138.25
104270,858223.1875
104280,773238.5625
104320,675015.625
104370,391802.75
104380,305413.96875
104410,330594.9375
104430,377131.3125
104470,309878.53125
104500,480781.5
104510,432565.71875
104560,438207.28125
104600,444493.0625
104620,779579.625
104650,470970.84375
104670,362181.78125
104680,270575.53125
104690,577822.375
104730,302830.25
104750,776377.875
104780,446055.0625
104850,590529.6875
104860,307550.40625
104870,223581.78125
104900,339928.0625
104920,189933.5
105010,439584.375
105020,318755.25
105030,418290.71875
105130,465512.5625
105180,457042.6875
105240,478094.53125
105260,432302.71875
105310,305363.25
105340,520072.1875
105350,444117.125
105370,437664.59375
105380,400184.5625
105400,384732
105410,465686.9375
105420,359131.4375
105490,559517.4375
105540,796132.75
105570,280847.5625
105650,415869.8125
105660,484521.21875
105690,681475.5625
105720,465183.34375
105760,496368.15625
105780,323713.09375
105810,580658.125
105850,625342
105860,407764.78125
105920,380745.5
105960,545997.3125
105990,595580.0625
106050,457321.6875
106090,437619.28125
106100,564017.4375
106110,353163.6875
106250,470006.21875
106330,379640.875
106370,277257.78125
106420,310755.84375
106430,554796.25
106480,423160.71875
106500,391741.09375
106530,594968.75
106550,308200.75
106620,451744.65625
106650,446144.21875
106680,721208.8125
106720,417608.125
106730,549751.625
106750,406838.84375
106770,368274.34375
106800,434479.34375
106840,389841.65625
106880,619638.8125
106970,413898.6875
106990,321897.84375
107000,226958.34375
107020,481687.40625
107030,375218.75
107060,492059.53125
107080,363239.96875
107100,500251.0625
107110,277427.15625
107130,612672.9375
107170,964442.375
107190,447159.90625
107200,416684.09375
107210,299066.125
107240,463152.78125
107270,354738.78125
107310,563329.4375
107370,274723.21875
107470,383470.25
107490,414629.53125
107500,435787.59375
107530,542491.4375
107540,470535.625
107550,331306.375
107560,378305.90625
107600,696987.1875
107620,555622.5
107630,122052.9140625
107680,462931.53125
107760,514423.78125
107780,334948.46875
107870,454907.21875
107990,452519.34375
108070,285471.125
108100,477354.9375
108110,475259.5
108140,409762.4375
108190,550054.6875
108270,430176.84375
108310,317438.34375
108330,441547.84375
108560,324287.65625
108620,332619.09375
108640,404025.03125
108690,407236.03125
108700,348425.75
108720,434402.34375
108740,661557.25
108750,328176.875
108790,412545.84375
108800,383072.375
108840,299453.59375
108880,449123.09375
108890,384122.25
108900,432342.03125
108960,805305.5
108980,517419.5625
109040,323961.84375
109060,343814.78125
109080,428497.21875
109090,415321.90625
109140,612074.5625
109210,314917.96875
109250,375264.40625
109260,465546.09375
109300,523525.90625
109320,426551.5
109360,259567.21875
109380,791169.1875
109390,501359.65625
109420,411000.375
109450,327728.46875
109550,369743
109590,395999.375
109660,448462.09375
109670,472416.6875
109690,551764.4375
109720,717284
109840,299780.5625
109930,306769.09375
109970,490063.34375
109980,491154.9375
110020,330506.25
110060,483171.875
110080,331500.5625
110090,374595.65625
110110,444578.4375
110130,503085.15625
110240,435446.9375
110260,249415.96875
110270,413593.09375
110300,357510.53125
110350,400047.625
110360,437307.625
110380,490201.5625
110400,332981.625
110420,465756.9375
110430,508132.59375
110460,512452.53125
110490,626347.5625
110550,459125.5
110600,446964.4375
110610,295965.0625
110620,412083.03125
110630,641093.25
110640,355823.71875
110730,387277.84375
110760,302132.71875
110800,334692.375
110880,321189.6875
110890,447265.875
110910,524040.84375
110920,411481.875
110940,699320.625
110960,507587.15625
110980,422839.21875
111060,371696.25
111100,695011
111110,327615.0625
111120,433749.6875
111140,455662.75
111160,518323
111300,410789.875
111360,480292.28125
111370,306123.34375
111390,329103.875
111410,350894.84375
111430,482429.625
111470,168828.5
111490,947796.3125
111500,402661.875
111510,292022.9375
111520,391179.6875
111540,441832.5625
111550,465135.3125
111630,583478.125
111660,358341.25
111820,483276
111830,405269.09375
111840,493997.125
111860,794156.4375
111870,900895.3125
111880,385155.15625
111890,521966.75
111910,711851.625
111930,557640.6875
111940,303031.25
111950,457754.15625
111980,733127.4375
112000,379833.9375
112060,467645.90625
112070,870728.75
112080,725794.9375
112100,378690.5
112160,658672
112210,307416.28125
112230,564522.375
112250,907596.8125
112270,554246.6875
112280,326315.90625
112340,454724.46875
112540,354262.34375
112550,351991.28125
112600,400343.4375
112610,580464.375
112620,426543.6875
112630,315531.625
112680,398435.21875
112690,384564.4375
112700,394830.21875
112720,279176.5
112760,513278.53125
112770,498526.1875
112780,303786.53125
112820,829450.0625
112830,365900.46875
112880,498145.28125
112960,451601.09375
112970,321377.375
113130,379011.3125
113150,625109.4375
113160,671178.9375
113200,324840
113250,270737.65625
113270,487062.3125
113300,397164.25
113340,669337.1875
113380,457792.59375
113400,405322.46875
113430,409644.4375
113640,495484.96875
113650,745842.6875
113660,317275.875
113670,488355.25
113680,569405.4375
113700,265116.65625
113730,400260.59375
113770,450341.59375
113790,298804.125
113800,349744.125
113850,424948.09375
113910,359741.96875
113940,389425.1875
113950,537065.125
113980,442069.1875
114020,323230.15625
114030,495370.5625
114040,256328.453125
114050,525703.875
114070,402192.59375
114080,293194.875
114090,439109.875
114100,440445.9375
114110,410657.34375
114120,385041.5625
114140,278972.78125
114150,437966.46875
114160,325408.21875
114200,348276.96875
114250,460930.4375
114280,890089.5
114320,339553.84375
114380,475137.0625
114390,359420.75
114400,594727.25
114440,289651.3125
114470,593223.375
114490,483529.375
114570,836808.375
114580,356623.4375
114600,427519.84375
114610,420770.0625
114710,522831.9375
114790,388249.0625
114800,486252.21875
114820,303647.875
114860,432166.375
114920,420927.59375
114930,349263.15625
114940,355229.34375
114980,399019.5625
115000,571337.25
115020,482367.4375
115060,366374.6875
115070,317944.15625
115100,539226.6875
115150,566815.5
115170,331062.375
115200,417977
115270,414057.71875
115280,322046
115400,581738.5625
115430,372033.34375
115470,369625.6875
115520,519742.09375
115590,459229.0625
115640,439348.90625
115650,503812.5625
115660,361455.15625
115670,664191.375
115810,437585
115850,436551.21875
115870,393839.375
115880,344972.15625
115890,843825.1875
115910,843525.6875
115930,462539.25
115940,322159.53125
115960,366957.9375
115970,516615.90625
115980,323721.03125
115990,372291.375
116030,387904.4375
116170,241155.90625
116200,449848.34375
116310,348313.75
116370,494377.71875
116390,427561.90625
116420,458902.375
116440,634501.1875
116460,419060
116570,345463.1875
116630,387095.78125
116650,727706.625
116750,832960.3125
116760,647772.8125
116780,418956.375
116800,424262.25
116860,764667.6875
116870,340406.6875
116890,535585.8125
116900,337334.90625
116920,244817.8125
116950,399779.75
116990,401377.34375
117050,289560.9375
117090,334162.28125
117130,449154.40625
117180,333419.09375
117240,530211.375
117260,350037.125
117300,689962.6875
117350,318074.375
117460,486374.375
117530,330472.6875
117570,355935.84375
117580,837351.8125
117620,336046.28125
117650,298226.65625
117670,461286.09375
117680,282667.6875
117740,395041.21875
117780,375481.5
117790,354666.28125
117840,460957.15625
117870,408355.28125
117910,458844.28125
117920,650593.5625
117950,627614.8125
117990,354616.09375
118000,351903.84375
118040,382560.1875
118090,555843.3125
118100,690543.0625
118110,453573.5625
118120,380097.46875
118170,251027.40625
118200,733087.25
118220,305310.0625
118240,472050
118270,548135.75
118300,673797.75
118400,358439.5625
118410,324184.25
118480,414412.46875
118520,360474.34375
118540,280405.65625
118560,364316.34375
118640,322098.125
118670,434723.9375
118740,459836.625
118780,675985.125
118900,455995.1875
118910,315099.65625
118930,377193.15625
118960,523734.90625
118970,362245.34375
119010,337712.78125
119220,527725.375
119250,393012.75
119270,964713.375
119330,348135.40625
119360,572096.125
119370,842440.875
119400,416186.53125
119410,551753.3125
119440,338401.0625
119450,567288
119510,512637.5625
119520,834388
119530,367214.34375
119540,686439.5
119660,376918.25
119700,325014.8125
119720,285134.5625
119800,528935.0625
119810,273581.09375
119820,436595.65625
119830,519567.25
119840,562688.875
119850,556004.3125
119860,474118.875
119880,279380.71875
119890,368036.34375
119940,413838.875
119960,352250.78125
119970,336017.09375
120070,348272.15625
120090,509310.28125
120130,856168.625
120180,303016.90625
120190,338846.9375
120230,423744.71875
120300,492689.5625
120310,437251.75
120330,759688.375
120340,335476.4375
120370,516824
120400,415931.28125
120430,487544
120440,546491.6875
120500,405327.75
120510,528618.0625
120520,381405.21875
120540,284601.28125
120590,332896.15625
120610,610830.5
120620,299585.65625
120630,385962.09375
120660,315921.84375
120690,390566.125
120700,524969.5625
120740,527574.0625
120750,344463.5
120770,326513.4375
120810,301140.03125
120840,379780.46875
120870,596598.625
120880,394327.90625
120910,320889.53125
120950,350308.34375
120970,435203.6875
120980,458857.96875
121000,283139.90625
121040,754737.9375
121110,444941
121150,348323.90625
121180,776973.125
121230,326901.96875
121260,665863.0625
121270,383844.28125
121370,290452.4375
121410,481860.15625
121420,262071.796875
121440,355017.375
121460,446720.5625
121470,353141.4375
121580,444098.5
121590,557375.1875
121610,570754.625
121640,537886.8125
121650,350350.375
121660,487718.9375
121670,692930.4375
121680,356700.40625
121690,387474.53125
121730,442542.625
121820,392700.375
121830,368997.25
121860,389471.59375
121890,607980.0625
121900,403639.875
121940,390189.9375
121950,427022.9375
121990,296815.65625
122030,607371.875
122090,317992.0625
122110,359959.15625
122140,346863.09375
122240,394975.46875
122310,490194.46875
122330,653183.8125
122340,409977.0625
122350,546368.9375
122390,808553.8125
122410,848131.9375
122420,418607.25
122430,980376.6875
122510,419154.3125
122580,389716.4375
122610,428217.8125
122650,354008
122690,430841.9375
122700,300031.875
122760,342257.65625
122800,405029.5625
122820,424571.53125
122860,442967.03125
122890,462140.375
122930,452015.40625
122970,503228
122980,387048.1875
122990,582113.25
123030,492368.34375
123050,395141.59375
123070,327955.59375
123080,365303.78125
123090,428967.78125
123100,412751.5625
123110,342221.96875
123190,597936.75
123240,286527.34375
123280,545514.8125
123290,563134.125
123300,288385.8125
123340,554383.375
123350,276685.15625
123370,386714.4375
123420,476134.875
123520,348560.59375
123560,624155.75
123630,363312
123640,441798.53125
123680,626999
123690,811967.375
123700,315300.59375
123710,348436.5625
123720,565275.625
123760,525061.1875
123820,359845.46875
123920,327874.03125
123940,552411
123950,299068.96875
124020,363030.34375
124030,483618.5625
124040,368418.6875
124050,309578.5
124070,458701.90625
124110,508553.15625
124120,365930.8125
124140,239068.3125
124190,812788.8125
124220,485039.78125
124240,403475.59375
124280,914920.4375
124290,260911.546875
124310,404384.71875
124330,396843.25
124370,878538.875
124390,418125.375
124500,326659.71875
124530,397986.28125
124590,369663.59375
124610,391832.0625
124670,392053.375
124690,455499.875
124700,323353.21875
124770,711884.75
124810,535643.1875
124830,378377.6875
124890,711368.5
124950,990680.625
125010,495411.125
125090,394363.53125
125110,264750.34375
125180,532950.5
125190,507647.84375
125220,449164.78125
125230,412092.5
125250,398097.5
125270,421880.375
125280,292331.5
125350,361941.625
125370,465649.84375
125380,360094.59375
125470,322436.4375
125500,483496.09375
125520,335361.75
125560,462818.46875
125570,430134.8125
125590,561902.9375
125640,515584
125650,576109.8125
125670,405160.3125
125700,337243.875
125730,704989.25
125760,543401.375
125890,520378.59375
125910,503392.34375
125950,778175.3125
126240,351845.78125
126250,453612.25
126270,435646.96875
126280,375951.4375
126300,568506.75
126360,320450.4375
126390,479310.40625
126410,396689.84375
126430,358456.3125
126450,456432.6875
126510,597245.0625
126520,526355.25
126570,412327.59375
126600,316343.875
126610,331804.40625
126710,368065.625
126730,472155.375
126830,454004.46875
126840,520077.90625
126880,469431.40625
126930,296276.40625
126970,281902.125
126980,617429.5625
126990,456833.09375
127060,396691.125
127090,336051.53125
127110,340581.9375
127130,681756.5
127160,320853
127200,521154.21875
127210,474444.9375
127220,417476.375
127240,360789.21875
127330,382887.1875
127430,640290.0625
127440,302718.15625
127480,343972.25
127500,495829.125
127600,276832.625
127610,330988.09375
127680,474706.8125
127690,397139.96875
127710,356214.6875
127750,305710.0625
127770,770262.0625
127780,370956.625
127860,318982
127890,344633.8125
127900,348999.125
127950,424270.96875
127990,603387.6875
128020,337455.5
128030,689584
128050,348214.53125
128060,414855.5625
128080,429211.71875
128120,494493.59375
128130,534139.1875
128140,557036.75
128150,363144.3125
128170,411160.0625
128180,356097.625
128210,328768.21875
128230,319144.28125
128240,421274.375
128280,299623.90625
128290,583614.875
128330,310107.6875
128360,453873.09375
128390,505777.03125
128490,468155.15625
128500,537060.125
128520,390388.40625
128590,213049.015625
128620,374385.1875
128670,303112.53125
128690,321539.6875
128700,806804.25
128720,471872.9375
128760,432440.78125
128890,536692.75
128940,442831.6875
128950,671428.1875
128970,419263.1875
129040,511627.53125
129050,358066.09375
129080,401695.71875
129120,252595.59375
129140,424606.3125
129160,412900.5
129240,484218.40625
129250,397755.125
129270,589407.1875
129290,431982.625
129300,289304.78125
129320,460291.84375
129370,976142.375
129380,591957.4375
129390,497189.84375
129400,747127.375
129450,582004.5
129470,450581.5625
129490,332708.375
129530,566261.25
129540,471197.6875
129570,812836.5625
129650,352584.90625
129660,435110.9375
129690,727810.8125
129730,522805.96875
129740,264649.875
129760,442710.65625
129780,346033.9375
129800,339108.25
129810,720116.9375
129860,350840.21875
129870,534978.6875
129950,374854.90625
130080,483131.09375
130100,850221.8125
130110,340304.84375
130130,329530.71875
130140,361446.375
130160,310980.5625
130200,388891.84375
130220,343595.8125
130250,563623.1875
130280,445791.03125
130340,640766.3125
130450,359342.9375
130460,244267.359375
130480,225652.078125
130540,562149.125
130550,323759.28125
130610,446544.9375
130630,619509.4375
130750,324893.15625
130760,580081.125
130850,368703.625
130860,509384.34375
130870,457471.8125
130930,422893.625
130960,413664.21875
130970,357187.25
131030,571572.9375
131040,381787.59375
131050,351506.71875
131100,769870.25
131160,405308.53125
131230,272307.21875
131240,930476.875
131250,466633.3125
131260,286562.21875
131300,465710.5
131320,315598.71875
131330,544731.25
131340,488564.5625
131350,534462.5625
131370,346045.53125
131390,334015
131400,396224.59375
131410,446149.9375
131440,405510.28125
131450,561574.5625
131520,318791.59375
131570,688177.3125
131580,515943.6875
131620,348834.125
131640,334149.6875
131670,390700.90625
131690,890817.875
131710,652631.875
131720,357852.09375
131740,543777.875
131760,400432.8125
131770,807736.375
131800,446033.21875
131860,353382.34375
131930,908480.9375
131990,315757.9375
132010,721679.5625
132020,288612.09375
132030,443549.0625
132050,226137.375
132070,403575.5
132090,489424.21875
132120,431297.9375
132130,406015.21875
132190,561752.25
132280,329037.09375
132290,574891.5625
132310,449610.84375
132330,403425.34375
132340,373274.03125
132360,430354.6875
132380,382019.15625
132460,734441.125
132480,368611.3125
132490,533229.875
132510,563870.5625
132530,263430.84375
132620,344885.5
132640,366593.3125
132680,341219.125
132720,484972.28125
132740,270140
132840,508087.84375
132920,382261.125
132970,773336.25
132990,523524.25
133010,286305.96875
133020,403835.59375
133050,484947.9375
133080,376912.84375
133110,458211.1875
133180,811735.375
133410,282023.9375
133430,266657
133440,541143.25
133460,294263.09375
133480,660245.1875
133500,301815.3125
133520,483465.5
133620,364498.4375
133680,339525.4375
133690,303859.53125
133710,351017.78125
133720,494600.21875
133760,408512.4375
133770,599884.25
133780,398526.3125
133820,447844.28125
133860,316988.375
133980,846407.75
134010,314642.125
134040,498058.1875
134060,458210.65625
134110,649029.0625
134130,717150.375
134140,363915.375
134150,409810.1875
134160,383468.75
134170,356249.28125
134180,432960.0625
134250,362190.09375
134260,316612.65625
134270,735099.6875
134310,534349.125
134360,308328.6875
134440,483790.4375
134470,657222.375
134490,302023.5625
134540,355877.4375
134570,493861.03125
134590,465880.375
134600,424989.9375
134610,460134.25
134630,522888.28125
134660,336357.46875
134670,438667.71875
134680,397124.625
134700,345616.09375
134750,418981.59375
134800,472759.09375
134840,467195.15625
134870,462048.71875
134890,411332.78125
134900,541126.875
134920,727892.6875
134950,414084.5625
134960,508811
134980,421322.125
135010,549670.5
135060,326561.0625
135080,970966.5
135160,540632.5625
135170,286461.125
135270,317312.59375
135290,519037.25
135330,361871.90625
135340,319674.65625
135430,304530.96875
135450,327713.8125
135460,419906.15625
135470,381428.40625
135480,482913.90625
135500,410998.03125
135540,301089.28125
135560,963568.125
135590,190363.90625
135610,423096
135620,309037.625
135690,318956.34375
135730,303669.84375
135740,358621.25
135750,373949.8125
135880,464655.84375
135910,398760.25
135920,302480.90625
136020,496872.34375
136070,569881.9375
136160,521962.375
136190,500578.34375
136210,353365.28125
136220,471153.5
136280,319962.34375
136300,427757.75
136320,558498
136370,511460.78125
136380,424611.5
136390,416878.25
136400,441316.625
136410,348344.84375
136420,783421.1875
136440,317567.875
136460,367117.65625
136490,538491.625
136500,311642.03125
136510,435274.40625
136520,396190.4375
136530,440053.5
136590,357439.59375
136600,499233.84375
136620,411594.09375
136640,568731.5625
136680,932048.0625
136690,491228.75
136740,534559.6875
136840,371023.5
136870,372273.46875
136950,326233.9375
136970,387901.4375
137020,430186.6875
137030,387300.59375
137110,311536.125
137120,367982
137150,321749.71875
137180,371285.6875
137250,335922.09375
137280,350252.90625
137310,454623.90625
137340,478081.5625
137380,418733.625
137420,329086.78125
137440,302173.59375
137480,359449.25
137500,295629.9375
137530,396275.15625
137540,444203.84375
137550,484432.375
137570,407092.84375
137580,332309.5
137600,610981.4375
137630,934502.3125
137660,574976.4375
137740,507368.3125
137750,268971.96875
137770,334432.4375
137810,733489.9375
137880,349893.78125
137920,362664.96875
137940,562670.3125
137970,484647.75
138070,528201.9375
138080,344157.1875
138090,405890.875
138100,418948.5625
138140,586152.1875
138160,405636.46875
138170,337740.9375
138290,323908.84375
138300,679623.3125
138310,392088.625
138320,311053.09375
138340,491478.71875
138360,365287.8125
138390,496030.09375
138430,543882.125
138450,537780.75
138480,439582.96875
138620,511516.1875
138630,308921.65625
138640,352217.5
138690,457032.5625
138710,484233.625
138730,417046.9375
138750,440883.96875
138760,362874.375
138770,573859.375
138780,493953.125
138800,601432.8125
138810,432029.96875
138820,365917.375
138830,497574.65625
138840,304165
138860,422754.28125
138880,429847.65625
138910,547382.25
138940,832118.625
138950,342475.5625
138980,421530.34375
139020,392017.28125
139040,452353.4375
139050,809459.8125
139070,523141.09375
139150,315331.96875
139160,343581.84375
139190,355751.25
139200,338589.875
139310,160875.421875
139330,417559.09375
139380,560109.5625
139390,615459.25
139420,526020.6875
139440,440461.1875
139480,311779.75
139520,754904.75
139530,421052.78125
139560,351204.34375
139570,219106.25
139590,447241.53125
139600,458344.6875
139620,425261.09375
139660,195946.515625
139690,586759.4375
139740,620520.6875
139760,430939.4375
139770,696799.375
139790,348238.46875
139860,418955.46875
139900,448238.21875
139910,361031.46875
139920,409614.34375
139930,394466.5625
139970,439469.03125
140000,448370.28125
140020,488361
140050,377409.6875
140100,294813.125
140160,541070.6875
140170,451737.125
140190,422806.65625
140220,346824.78125
140240,506572.5
140280,317273.5
140320,560544.25
140340,400747.90625
140360,421850.6875
140380,255234.4375
140390,444631
140400,426398.53125
140430,397528.8125
140600,518924.5625
140640,305323.65625
140660,414321.75
140690,402863.40625
140780,427343.53125
140800,484234
140870,295055.96875
140930,295079.625
140940,421615.53125
140990,448925.25
141000,442316.84375
141020,379070.375
141030,533194.1875
141040,760485.6875
141060,537806.1875
141070,255858.046875
141080,506781.875
141100,374895.75
141170,428153.3125
141180,500833.875
141210,321508.8125
141260,432435.4375
141270,486091.03125
141290,493655.46875
141350,340099.15625
141360,813456.1875
141380,459250.5625
141430,405783.9375
141440,420444.09375
141450,380211.875
141460,456172.21875
141520,551572.375
141550,353015.84375
141570,331120.0625
141610,431744.15625
141640,386141.4375
141720,299938.90625
141740,371073.46875
141790,416074.65625
141810,453197.0625
141830,615124.6875
141840,340566.5625
141860,273575.03125
141930,284022.3125
141950,398447.84375
141990,504466.875
142020,277885.90625
142030,395255.90625
142070,317542.625
142080,394191.5
142120,505913.6875
142140,425642.8125
142160,376063.125
142190,322456.59375
142200,453808.59375
142250,295056.71875
